{
  "camera_matrix": [
    [
      894.6731133051715,
      0.0,
      485.2289588982219
    ],
    [
      0.0,
      896.1589481977932,
      633.0361846891799
    ],
    [
      0.0,
      0.0,
      1.0
    ]
  ],
  "dist_coeff": [
    [
      0.09596330236323311,
      0.12784814619715587,
      0.004363879464334684,
      0.002264189692278677,
      -2.072901044678905
    ]
  ],
  "image_size": [
    960,
    1280
  ]
}